-- phpMyAdmin SQL Dump
-- version 4.6.5.2
-- https://www.phpmyadmin.net/
--
-- Хост: 127.0.0.1:3306
-- Время создания: Апр 24 2017 г., 21:00
-- Версия сервера: 5.6.34
-- Версия PHP: 7.1.0

SET SQL_MODE = "NO_AUTO_VALUE_ON_ZERO";
SET time_zone = "+00:00";


/*!40101 SET @OLD_CHARACTER_SET_CLIENT=@@CHARACTER_SET_CLIENT */;
/*!40101 SET @OLD_CHARACTER_SET_RESULTS=@@CHARACTER_SET_RESULTS */;
/*!40101 SET @OLD_COLLATION_CONNECTION=@@COLLATION_CONNECTION */;
/*!40101 SET NAMES utf8mb4 */;

--
-- База данных: `l_shop`
--

-- --------------------------------------------------------

--
-- Структура таблицы `lshop_activations`
--

CREATE TABLE `lshop_activations` (
  `id` int(10) UNSIGNED NOT NULL,
  `user_id` int(10) UNSIGNED NOT NULL,
  `code` varchar(191) COLLATE utf8mb4_unicode_ci NOT NULL,
  `completed` tinyint(1) NOT NULL DEFAULT '0',
  `completed_at` timestamp NULL DEFAULT NULL,
  `created_at` timestamp NULL DEFAULT NULL,
  `updated_at` timestamp NULL DEFAULT NULL
) ENGINE=InnoDB DEFAULT CHARSET=utf8mb4 COLLATE=utf8mb4_unicode_ci;

--
-- Дамп данных таблицы `lshop_activations`
--

INSERT INTO `lshop_activations` (`id`, `user_id`, `code`, `completed`, `completed_at`, `created_at`, `updated_at`) VALUES
(1, 1, 'cMSA2min0BeuMhE2nYd5HNoFI1IxJCQN', 1, '2017-02-05 08:45:27', '2017-02-05 08:45:27', '2017-02-05 08:45:27');

-- --------------------------------------------------------

--
-- Структура таблицы `lshop_cart`
--

CREATE TABLE `lshop_cart` (
  `id` int(10) UNSIGNED NOT NULL,
  `player` varchar(191) COLLATE utf8mb4_unicode_ci NOT NULL,
  `type` varchar(16) COLLATE utf8mb4_unicode_ci NOT NULL,
  `item` varchar(191) COLLATE utf8mb4_unicode_ci NOT NULL,
  `amount` int(11) NOT NULL,
  `extra` text COLLATE utf8mb4_unicode_ci,
  `item_id` int(11) NOT NULL,
  `created_at` timestamp NULL DEFAULT NULL,
  `server` int(11) NOT NULL
) ENGINE=InnoDB DEFAULT CHARSET=utf8mb4 COLLATE=utf8mb4_unicode_ci;

--
-- Дамп данных таблицы `lshop_cart`
--

INSERT INTO `lshop_cart` (`id`, `player`, `type`, `item`, `amount`, `extra`, `item_id`, `created_at`, `server`) VALUES
(4, 'admin', 'item', '2', 64, NULL, 5, '2017-04-18 09:45:44', 1),
(5, 'admin', 'item', '54', 128, NULL, 7, '2017-04-18 09:45:44', 1);

-- --------------------------------------------------------

--
-- Структура таблицы `lshop_categories`
--

CREATE TABLE `lshop_categories` (
  `id` int(10) UNSIGNED NOT NULL,
  `name` varchar(191) COLLATE utf8mb4_unicode_ci NOT NULL,
  `server_id` int(11) NOT NULL,
  `created_at` timestamp NOT NULL DEFAULT CURRENT_TIMESTAMP ON UPDATE CURRENT_TIMESTAMP,
  `updated_at` timestamp NOT NULL DEFAULT '0000-00-00 00:00:00'
) ENGINE=InnoDB DEFAULT CHARSET=utf8mb4 COLLATE=utf8mb4_unicode_ci;

--
-- Дамп данных таблицы `lshop_categories`
--

INSERT INTO `lshop_categories` (`id`, `name`, `server_id`, `created_at`, `updated_at`) VALUES
(1, 'Блоки', 1, '0000-00-00 00:00:00', '0000-00-00 00:00:00'),
(2, 'Предметы', 1, '0000-00-00 00:00:00', '0000-00-00 00:00:00'),
(3, 'Броня', 2, '2017-03-03 15:24:20', '2017-03-03 11:24:20'),
(4, 'Предметы', 3, '2017-03-08 14:53:46', '2017-03-08 10:53:46'),
(5, 'Привилегии', 1, '2017-03-11 17:52:12', '0000-00-00 00:00:00');

-- --------------------------------------------------------

--
-- Структура таблицы `lshop_items`
--

CREATE TABLE `lshop_items` (
  `id` int(10) UNSIGNED NOT NULL,
  `name` varchar(191) COLLATE utf8mb4_unicode_ci NOT NULL,
  `description` text COLLATE utf8mb4_unicode_ci,
  `type` varchar(191) COLLATE utf8mb4_unicode_ci NOT NULL,
  `item` varchar(16) COLLATE utf8mb4_unicode_ci NOT NULL,
  `image` varchar(191) COLLATE utf8mb4_unicode_ci DEFAULT NULL,
  `extra` text COLLATE utf8mb4_unicode_ci,
  `created_at` timestamp NULL DEFAULT NULL,
  `updated_at` timestamp NULL DEFAULT NULL
) ENGINE=InnoDB DEFAULT CHARSET=utf8mb4 COLLATE=utf8mb4_unicode_ci;

--
-- Дамп данных таблицы `lshop_items`
--

INSERT INTO `lshop_items` (`id`, `name`, `description`, `type`, `item`, `image`, `extra`, `created_at`, `updated_at`) VALUES
(5, 'Блок травы', '', 'item', '2', NULL, NULL, '2017-03-08 10:44:56', '2017-03-11 13:15:27'),
(6, 'Динамит', '', 'item', '46', '784a013771bdf825d1cf26b49897a605.png', NULL, '2017-03-08 10:46:20', NULL),
(7, 'Сундук', '', 'item', '54', 'd6c6adf53d0145708ec54a41e8a4e3d8.png', NULL, '2017-03-08 10:48:28', NULL),
(8, 'Печь', '', 'item', '61', '4a69519aa46ee6b5b15bab8abd5139f3.png', NULL, '2017-03-08 10:50:55', NULL),
(9, 'Алмазный меч', '', 'item', '276', '9d8feda602d70231f0297a3b7e436d4b.png', NULL, '2017-03-08 10:52:47', '2017-03-09 07:19:46'),
(10, 'Алмазный шлем', '', 'item', '310', 'd2714c56c81bcc4ff35798832226967f.png', NULL, '2017-03-09 07:21:26', '2017-03-11 13:31:34'),
(11, 'VIP', '', 'permgroup', 'vip', 'f0c9755f2685d55b7540c941b6f29ff9.png', NULL, '2017-03-11 13:23:54', '2017-03-11 13:46:32');

-- --------------------------------------------------------

--
-- Структура таблицы `lshop_migrations`
--

CREATE TABLE `lshop_migrations` (
  `id` int(10) UNSIGNED NOT NULL,
  `migration` varchar(191) COLLATE utf8mb4_unicode_ci NOT NULL,
  `batch` int(11) NOT NULL
) ENGINE=InnoDB DEFAULT CHARSET=utf8mb4 COLLATE=utf8mb4_unicode_ci;

--
-- Дамп данных таблицы `lshop_migrations`
--

INSERT INTO `lshop_migrations` (`id`, `migration`, `batch`) VALUES
(2, '2015_08_25_172600_create_settings_table', 1),
(4, '2017_02_06_120639_create_servers_table', 2),
(12, '2017_02_08_173801_create_products_table', 3),
(13, '2017_02_08_184940_create_items_table', 3),
(14, '2017_02_10_145425_create_categories_table', 4),
(15, '2017_02_08_171826_create_cart_table', 5),
(25, '2017_02_15_193645_create_payments_table', 6),
(26, '2014_07_02_230147_migration_cartalyst_sentinel', 7),
(27, '2017_04_10_172343_create_users_uuid_trigger', 8),
(29, '2017_04_15_165207_create_pages_table', 9);

-- --------------------------------------------------------

--
-- Структура таблицы `lshop_pages`
--

CREATE TABLE `lshop_pages` (
  `id` int(10) UNSIGNED NOT NULL,
  `title` varchar(191) COLLATE utf8mb4_unicode_ci NOT NULL,
  `content` text COLLATE utf8mb4_unicode_ci NOT NULL,
  `url` varchar(191) COLLATE utf8mb4_unicode_ci NOT NULL,
  `created_at` timestamp NULL DEFAULT NULL,
  `updated_at` timestamp NULL DEFAULT NULL
) ENGINE=InnoDB DEFAULT CHARSET=utf8mb4 COLLATE=utf8mb4_unicode_ci;

--
-- Дамп данных таблицы `lshop_pages`
--

INSERT INTO `lshop_pages` (`id`, `title`, `content`, `url`, `created_at`, `updated_at`) VALUES
(2, 'Добро пожаловать в L-Shop!', '<h1 style=\"text-align: center;\">Современная торговая система для Minecraft</h1><br><p style=\"text-align: center; \"><img src=\"http://i90.fastpic.ru/big/2017/0309/9c/1cebb8e0e70a432b71102bf20334459c.png\" alt=\"Логотип L-Shop\"><br></p><p style=\"margin-right: 0px; margin-bottom: 15px; margin-left: 0px; padding: 0px; text-align: justify; color: rgb(0, 0, 0); font-family: \" open=\"\" sans\",=\"\" arial,=\"\" sans-serif;=\"\" font-size:=\"\" 14px;=\"\" background-color:=\"\" rgb(255,=\"\" 255,=\"\" 255);\"=\"\">Lorem ipsum dolor sit amet, consectetur adipiscing elit. Fusce condimentum nibh quis lorem malesuada, lobortis accumsan felis consequat. Fusce ac tortor gravida, dignissim quam sit amet, laoreet sapien. Nam ultricies libero in dignissim accumsan. Fusce ac lacinia quam. Integer convallis neque ac tortor sollicitudin, ac mollis erat malesuada. Suspendisse sapien turpis, mollis et nibh non, mollis venenatis augue. Aenean et leo sed mi tristique fringilla.</p><p style=\"margin-right: 0px; margin-bottom: 15px; margin-left: 0px; padding: 0px; text-align: justify; color: rgb(0, 0, 0); font-family: \" open=\"\" sans\",=\"\" arial,=\"\" sans-serif;=\"\" font-size:=\"\" 14px;=\"\" background-color:=\"\" rgb(255,=\"\" 255,=\"\" 255);\"=\"\">Donec in nibh turpis. Phasellus tincidunt tristique scelerisque. Sed aliquam pretium mauris a mattis. Sed ante magna, facilisis vel lorem eget, rhoncus ullamcorper ligula. Nunc venenatis dolor nec libero interdum, non lobortis libero molestie. Vivamus aliquet lacus non eros ullamcorper, quis convallis nisl aliquet. Orci varius natoque penatibus et magnis dis parturient montes, nascetur ridiculus mus. Nunc posuere ipsum quam, in commodo dui auctor nec.</p><p style=\"margin-right: 0px; margin-bottom: 15px; margin-left: 0px; padding: 0px; text-align: justify; color: rgb(0, 0, 0); font-family: \" open=\"\" sans\",=\"\" arial,=\"\" sans-serif;=\"\" font-size:=\"\" 14px;=\"\" background-color:=\"\" rgb(255,=\"\" 255,=\"\" 255);\"=\"\">Praesent dapibus velit eu leo aliquam, accumsan interdum ex laoreet. Etiam nec vehicula odio. Sed aliquam bibendum convallis. Proin sodales id ligula et pellentesque. Ut ullamcorper magna nec convallis pulvinar. Aenean nunc eros, consequat non nibh in, bibendum convallis eros. Vestibulum elit neque, elementum at egestas a, ultricies eget nisi. Orci varius natoque penatibus et magnis dis parturient montes, nascetur ridiculus mus. Sed dapibus metus nec nisi semper, eu fringilla diam aliquam. Fusce accumsan gravida justo, sit amet sollicitudin erat suscipit ac. Nulla rhoncus non elit in tempor. Vestibulum at ligula vitae diam dapibus lobortis at a nulla.</p><p style=\"margin-right: 0px; margin-bottom: 15px; margin-left: 0px; padding: 0px; text-align: justify; color: rgb(0, 0, 0); font-family: \" open=\"\" sans\",=\"\" arial,=\"\" sans-serif;=\"\" font-size:=\"\" 14px;=\"\" background-color:=\"\" rgb(255,=\"\" 255,=\"\" 255);\"=\"\">Curabitur ac cursus tortor. Donec posuere magna sit amet felis condimentum cursus et vitae dolor. Curabitur vitae mauris a leo consequat sagittis at at tortor. Fusce dui mi, pretium ut tincidunt at, vestibulum et velit. Quisque posuere eleifend velit, nec mattis leo viverra non. Curabitur placerat, neque in sodales eleifend, nisi tortor lacinia nunc, in varius neque ipsum fringilla urna. Morbi nec ipsum diam. Vestibulum tincidunt augue eleifend dictum rutrum. Etiam vel nibh scelerisque, tincidunt mauris et, lacinia orci. Sed consectetur pellentesque malesuada. Suspendisse eget lectus velit.</p><p style=\"margin-right: 0px; margin-bottom: 15px; margin-left: 0px; padding: 0px; text-align: justify; color: rgb(0, 0, 0); font-family: \" open=\"\" sans\",=\"\" arial,=\"\" sans-serif;=\"\" font-size:=\"\" 14px;=\"\" background-color:=\"\" rgb(255,=\"\" 255,=\"\" 255);\"=\"\">Donec viverra vehicula nunc, eget fringilla justo rutrum eget. Duis convallis convallis dapibus. Orci varius natoque penatibus et magnis dis parturient montes, nascetur ridiculus mus. Suspendisse placerat sagittis lacus. Mauris in aliquet urna, id posuere nisl. Phasellus accumsan in metus vel ullamcorper. Praesent pulvinar iaculis mauris vitae vehicula. Nunc vehicula risus massa, a accumsan turpis ornare in. Suspendisse non mauris eu diam convallis finibus ut et ex. Fusce ut dui massa.</p>', 'Dobro-pozhalovat`-v-L-Shopl', '2017-04-16 12:09:38', '2017-04-16 13:38:31');

-- --------------------------------------------------------

--
-- Структура таблицы `lshop_payments`
--

CREATE TABLE `lshop_payments` (
  `id` int(10) UNSIGNED NOT NULL,
  `service` varchar(191) COLLATE utf8mb4_unicode_ci DEFAULT NULL,
  `products` text COLLATE utf8mb4_unicode_ci,
  `cost` double DEFAULT NULL,
  `user_id` int(11) DEFAULT NULL,
  `username` varchar(191) COLLATE utf8mb4_unicode_ci DEFAULT NULL,
  `server_id` int(11) DEFAULT NULL,
  `ip` varchar(45) COLLATE utf8mb4_unicode_ci NOT NULL,
  `completed` tinyint(1) NOT NULL DEFAULT '0',
  `created_at` timestamp NULL DEFAULT NULL,
  `updated_at` timestamp NULL DEFAULT NULL
) ENGINE=InnoDB DEFAULT CHARSET=utf8mb4 COLLATE=utf8mb4_unicode_ci;

-- --------------------------------------------------------

--
-- Структура таблицы `lshop_persistences`
--

CREATE TABLE `lshop_persistences` (
  `id` int(10) UNSIGNED NOT NULL,
  `user_id` int(10) UNSIGNED NOT NULL,
  `code` varchar(191) COLLATE utf8mb4_unicode_ci NOT NULL,
  `created_at` timestamp NULL DEFAULT NULL,
  `updated_at` timestamp NULL DEFAULT NULL
) ENGINE=InnoDB DEFAULT CHARSET=utf8mb4 COLLATE=utf8mb4_unicode_ci;

--
-- Дамп данных таблицы `lshop_persistences`
--

INSERT INTO `lshop_persistences` (`id`, `user_id`, `code`, `created_at`, `updated_at`) VALUES
(152, 1, 'WgmtXGd5YczqaRBSFkKKcaHzDaT4D8D2', '2017-04-18 09:46:16', '2017-04-18 09:46:16'),
(153, 1, 'J9w432xZrZKT64675hXZmU9IzsElZDvG', '2017-04-24 13:58:35', '2017-04-24 13:58:35');

-- --------------------------------------------------------

--
-- Структура таблицы `lshop_products`
--

CREATE TABLE `lshop_products` (
  `id` int(10) UNSIGNED NOT NULL,
  `price` int(10) UNSIGNED NOT NULL,
  `item_id` int(11) NOT NULL,
  `server_id` int(11) NOT NULL,
  `stack` int(11) DEFAULT NULL,
  `category_id` int(11) DEFAULT NULL,
  `created_at` timestamp NULL DEFAULT NULL,
  `updated_at` timestamp NULL DEFAULT NULL
) ENGINE=InnoDB DEFAULT CHARSET=utf8mb4 COLLATE=utf8mb4_unicode_ci;

--
-- Дамп данных таблицы `lshop_products`
--

INSERT INTO `lshop_products` (`id`, `price`, `item_id`, `server_id`, `stack`, `category_id`, `created_at`, `updated_at`) VALUES
(14, 2, 5, 1, 64, 1, '2017-03-08 10:49:00', '2017-04-13 12:19:37'),
(15, 20, 6, 1, 16, 1, '2017-03-08 10:49:23', NULL),
(16, 15, 7, 1, 16, 1, '2017-03-08 10:49:38', NULL),
(17, 15, 8, 1, 32, 1, '2017-03-08 10:51:26', NULL),
(18, 67, 9, 1, 1, 2, '2017-03-08 10:53:04', NULL),
(19, 54, 10, 2, 1, 3, '2017-03-09 07:23:26', NULL),
(20, 15, 11, 1, 30, 5, '2017-03-11 13:52:27', '2017-04-02 06:55:15');

-- --------------------------------------------------------

--
-- Структура таблицы `lshop_reminders`
--

CREATE TABLE `lshop_reminders` (
  `id` int(10) UNSIGNED NOT NULL,
  `user_id` int(10) UNSIGNED NOT NULL,
  `code` varchar(191) COLLATE utf8mb4_unicode_ci NOT NULL,
  `completed` tinyint(1) NOT NULL DEFAULT '0',
  `completed_at` timestamp NULL DEFAULT NULL,
  `created_at` timestamp NULL DEFAULT NULL,
  `updated_at` timestamp NULL DEFAULT NULL
) ENGINE=InnoDB DEFAULT CHARSET=utf8mb4 COLLATE=utf8mb4_unicode_ci;

-- --------------------------------------------------------

--
-- Структура таблицы `lshop_roles`
--

CREATE TABLE `lshop_roles` (
  `id` int(10) UNSIGNED NOT NULL,
  `slug` varchar(191) COLLATE utf8mb4_unicode_ci NOT NULL,
  `name` varchar(191) COLLATE utf8mb4_unicode_ci NOT NULL,
  `permissions` text COLLATE utf8mb4_unicode_ci,
  `created_at` timestamp NULL DEFAULT NULL,
  `updated_at` timestamp NULL DEFAULT NULL
) ENGINE=InnoDB DEFAULT CHARSET=utf8mb4 COLLATE=utf8mb4_unicode_ci;

--
-- Дамп данных таблицы `lshop_roles`
--

INSERT INTO `lshop_roles` (`id`, `slug`, `name`, `permissions`, `created_at`, `updated_at`) VALUES
(1, 'admin', 'Администратор', '{\"user.admin\":true}', '2017-02-26 13:40:15', '2017-02-26 13:45:35'),
(2, 'user', 'Пользователь', '{\"user.admin\":false}', '2017-03-06 13:25:56', '2017-03-06 13:27:17');

-- --------------------------------------------------------

--
-- Структура таблицы `lshop_role_users`
--

CREATE TABLE `lshop_role_users` (
  `user_id` int(10) UNSIGNED NOT NULL,
  `role_id` int(10) UNSIGNED NOT NULL,
  `created_at` timestamp NULL DEFAULT NULL,
  `updated_at` timestamp NULL DEFAULT NULL
) ENGINE=InnoDB DEFAULT CHARSET=utf8mb4 COLLATE=utf8mb4_unicode_ci;

--
-- Дамп данных таблицы `lshop_role_users`
--

INSERT INTO `lshop_role_users` (`user_id`, `role_id`, `created_at`, `updated_at`) VALUES
(1, 1, '2017-04-13 14:38:36', '2017-04-13 14:38:36'),
(2, 2, '2017-04-18 09:45:44', '2017-04-18 09:45:44'),
(3, 2, '2017-04-17 07:41:29', '2017-04-17 07:41:29');

-- --------------------------------------------------------

--
-- Структура таблицы `lshop_servers`
--

CREATE TABLE `lshop_servers` (
  `id` int(10) UNSIGNED NOT NULL,
  `name` varchar(191) COLLATE utf8mb4_unicode_ci NOT NULL,
  `enabled` tinyint(1) NOT NULL,
  `created_at` timestamp NULL DEFAULT NULL,
  `updated_at` timestamp NULL DEFAULT NULL
) ENGINE=InnoDB DEFAULT CHARSET=utf8mb4 COLLATE=utf8mb4_unicode_ci;

--
-- Дамп данных таблицы `lshop_servers`
--

INSERT INTO `lshop_servers` (`id`, `name`, `enabled`, `created_at`, `updated_at`) VALUES
(1, 'MMO', 1, '2017-02-06 12:16:42', '2017-04-09 15:10:12'),
(2, 'Hi-Tech (PvP)', 1, '2017-02-06 12:16:55', '2017-03-03 11:24:20'),
(3, 'Hi-Tech (PvE)', 1, '2017-02-06 12:17:08', '2017-03-08 10:53:46');

-- --------------------------------------------------------

--
-- Структура таблицы `lshop_settings`
--

CREATE TABLE `lshop_settings` (
  `id` int(10) UNSIGNED NOT NULL,
  `key` varchar(191) COLLATE utf8mb4_unicode_ci NOT NULL,
  `value` text COLLATE utf8mb4_unicode_ci NOT NULL
) ENGINE=InnoDB DEFAULT CHARSET=utf8mb4 COLLATE=utf8mb4_unicode_ci;

--
-- Дамп данных таблицы `lshop_settings`
--

INSERT INTO `lshop_settings` (`id`, `key`, `value`) VALUES
(1, 'shop.name', 'L - Shop'),
(2, 'shop.access_mode', 'any'),
(3, 'shop.enable_signup', '1'),
(4, 'shop.enable_password_reset', '0'),
(5, 'catalog.products_per_page', '30'),
(6, 'shop.currency', 'rub'),
(7, 'shop.currency_html', '<i class=\"fa fa-rub\"></i>'),
(9, 'cart.capacity', '12'),
(11, 'payment.method.robokassa.enabled', '1'),
(12, 'payment.method.robokassa.login', ''),
(13, 'payment.method.robokassa.password1', ''),
(14, 'payment.method.robokassa.algo', 'sha512'),
(16, 'payment.method.robokassa.password2', ''),
(17, 'distributor.name', 'ShoppingCart'),
(18, 'payment.fillupbalance.minsum', '25'),
(19, 'recaptcha.public_key', ''),
(20, 'recaptcha.secret_key', ''),
(21, 'profile.payments_per_page', '25'),
(22, 'api.key', 'pIkHkipkTKhpeC$ZY)OlnFH$fZWUullL'),
(23, 'api.algo', 'sha512'),
(24, 'api.signin.remember_user', '1'),
(25, 'profile.cart_items_per_page', '25'),
(26, 'shop.description', 'Современная торговая система для Minecraft'),
(27, 'shop.keywords', 'l-shop,магазин,купить,minecraft,маинкрафт'),
(28, 'api.enabled', '0'),
(29, 'api.signin.enabled', '0'),
(30, 'api.separator', ':'),
(31, 'api.salt', '0'),
(33, 'payment.method.robokassa.test', '1'),
(34, 'auth.email_activation', '0'),
(35, 'user.enable_change_password', '1'),
(36, 'api.launcher.sashok.auth.error_message', 'Пользователь с такими данными не найден'),
(38, 'api.launcher.sashok.auth.enabled', '1'),
(39, 'api.launcher.sashok.auth.ips_white_list', '[]'),
(40, 'api.launcher.sashok.auth.format', 'OK:{username}'),
(41, 'caching.statistic.ttl', '60'),
(42, 'api.signup.enabled', '1'),
(43, 'caching.pages.ttl', '3600');

-- --------------------------------------------------------

--
-- Структура таблицы `lshop_throttle`
--

CREATE TABLE `lshop_throttle` (
  `id` int(10) UNSIGNED NOT NULL,
  `user_id` int(10) UNSIGNED DEFAULT NULL,
  `type` varchar(191) COLLATE utf8mb4_unicode_ci NOT NULL,
  `ip` varchar(191) COLLATE utf8mb4_unicode_ci DEFAULT NULL,
  `created_at` timestamp NULL DEFAULT NULL,
  `updated_at` timestamp NULL DEFAULT NULL
) ENGINE=InnoDB DEFAULT CHARSET=utf8mb4 COLLATE=utf8mb4_unicode_ci;

-- --------------------------------------------------------

--
-- Структура таблицы `lshop_users`
--

CREATE TABLE `lshop_users` (
  `id` int(10) UNSIGNED NOT NULL,
  `username` varchar(191) COLLATE utf8mb4_unicode_ci NOT NULL,
  `email` varchar(191) COLLATE utf8mb4_unicode_ci NOT NULL,
  `password` varchar(191) COLLATE utf8mb4_unicode_ci NOT NULL,
  `permissions` text COLLATE utf8mb4_unicode_ci,
  `last_login` timestamp NULL DEFAULT NULL,
  `balance` double UNSIGNED NOT NULL DEFAULT '0',
  `uuid` char(36) COLLATE utf8mb4_unicode_ci DEFAULT NULL,
  `accessToken` char(32) COLLATE utf8mb4_unicode_ci DEFAULT NULL,
  `serverID` varchar(41) COLLATE utf8mb4_unicode_ci DEFAULT NULL,
  `created_at` timestamp NULL DEFAULT NULL,
  `updated_at` timestamp NULL DEFAULT NULL
) ENGINE=InnoDB DEFAULT CHARSET=utf8mb4 COLLATE=utf8mb4_unicode_ci;

--
-- Дамп данных таблицы `lshop_users`
--

INSERT INTO `lshop_users` (`id`, `username`, `email`, `password`, `permissions`, `last_login`, `balance`, `uuid`, `accessToken`, `serverID`, `created_at`, `updated_at`) VALUES
(1, 'admin', 'admin@example.com', '$2y$10$cAMSzV.uvL16mFOOA3baA.SyndAruccZZ3FL53DQgpFQgPi1ONgtO', NULL, '2017-04-24 13:58:35', 325, 'aec998b1-1e19-11e7-a727-0a0027000014', '383ef4e1bde14a3e4fd9c17d98f7ae0e', NULL, '2017-04-10 13:33:25', '2017-04-24 13:58:35');

--
-- Триггеры `lshop_users`
--
DELIMITER $$
CREATE TRIGGER `setUUID` BEFORE INSERT ON `lshop_users` FOR EACH ROW BEGIN
  IF NEW.uuid IS NULL THEN
    SET NEW.uuid = UUID();
  END IF;
END
$$
DELIMITER ;

--
-- Индексы сохранённых таблиц
--

--
-- Индексы таблицы `lshop_activations`
--
ALTER TABLE `lshop_activations`
  ADD PRIMARY KEY (`id`);

--
-- Индексы таблицы `lshop_cart`
--
ALTER TABLE `lshop_cart`
  ADD PRIMARY KEY (`id`),
  ADD KEY `cart_player_index` (`player`);

--
-- Индексы таблицы `lshop_categories`
--
ALTER TABLE `lshop_categories`
  ADD PRIMARY KEY (`id`),
  ADD KEY `lshop_categories_server_id_index` (`server_id`);

--
-- Индексы таблицы `lshop_items`
--
ALTER TABLE `lshop_items`
  ADD PRIMARY KEY (`id`);

--
-- Индексы таблицы `lshop_migrations`
--
ALTER TABLE `lshop_migrations`
  ADD PRIMARY KEY (`id`);

--
-- Индексы таблицы `lshop_pages`
--
ALTER TABLE `lshop_pages`
  ADD PRIMARY KEY (`id`),
  ADD UNIQUE KEY `pages_url_unique` (`url`);

--
-- Индексы таблицы `lshop_payments`
--
ALTER TABLE `lshop_payments`
  ADD PRIMARY KEY (`id`),
  ADD KEY `payments_user_id_server_id_index` (`user_id`,`server_id`);

--
-- Индексы таблицы `lshop_persistences`
--
ALTER TABLE `lshop_persistences`
  ADD PRIMARY KEY (`id`),
  ADD UNIQUE KEY `persistences_code_unique` (`code`);

--
-- Индексы таблицы `lshop_products`
--
ALTER TABLE `lshop_products`
  ADD PRIMARY KEY (`id`),
  ADD KEY `goods_item_id_server_id_index` (`item_id`,`server_id`);

--
-- Индексы таблицы `lshop_reminders`
--
ALTER TABLE `lshop_reminders`
  ADD PRIMARY KEY (`id`);

--
-- Индексы таблицы `lshop_roles`
--
ALTER TABLE `lshop_roles`
  ADD PRIMARY KEY (`id`),
  ADD UNIQUE KEY `roles_slug_unique` (`slug`);

--
-- Индексы таблицы `lshop_role_users`
--
ALTER TABLE `lshop_role_users`
  ADD PRIMARY KEY (`user_id`,`role_id`);

--
-- Индексы таблицы `lshop_servers`
--
ALTER TABLE `lshop_servers`
  ADD PRIMARY KEY (`id`);

--
-- Индексы таблицы `lshop_settings`
--
ALTER TABLE `lshop_settings`
  ADD PRIMARY KEY (`id`),
  ADD KEY `settings_key_index` (`key`);

--
-- Индексы таблицы `lshop_throttle`
--
ALTER TABLE `lshop_throttle`
  ADD PRIMARY KEY (`id`),
  ADD KEY `throttle_user_id_index` (`user_id`);

--
-- Индексы таблицы `lshop_users`
--
ALTER TABLE `lshop_users`
  ADD PRIMARY KEY (`id`),
  ADD UNIQUE KEY `users_email_unique` (`email`),
  ADD UNIQUE KEY `users_username_uuid_unique` (`username`,`uuid`);

--
-- AUTO_INCREMENT для сохранённых таблиц
--

--
-- AUTO_INCREMENT для таблицы `lshop_activations`
--
ALTER TABLE `lshop_activations`
  MODIFY `id` int(10) UNSIGNED NOT NULL AUTO_INCREMENT, AUTO_INCREMENT=7;
--
-- AUTO_INCREMENT для таблицы `lshop_cart`
--
ALTER TABLE `lshop_cart`
  MODIFY `id` int(10) UNSIGNED NOT NULL AUTO_INCREMENT, AUTO_INCREMENT=6;
--
-- AUTO_INCREMENT для таблицы `lshop_categories`
--
ALTER TABLE `lshop_categories`
  MODIFY `id` int(10) UNSIGNED NOT NULL AUTO_INCREMENT, AUTO_INCREMENT=6;
--
-- AUTO_INCREMENT для таблицы `lshop_items`
--
ALTER TABLE `lshop_items`
  MODIFY `id` int(10) UNSIGNED NOT NULL AUTO_INCREMENT, AUTO_INCREMENT=13;
--
-- AUTO_INCREMENT для таблицы `lshop_migrations`
--
ALTER TABLE `lshop_migrations`
  MODIFY `id` int(10) UNSIGNED NOT NULL AUTO_INCREMENT, AUTO_INCREMENT=30;
--
-- AUTO_INCREMENT для таблицы `lshop_pages`
--
ALTER TABLE `lshop_pages`
  MODIFY `id` int(10) UNSIGNED NOT NULL AUTO_INCREMENT, AUTO_INCREMENT=3;
--
-- AUTO_INCREMENT для таблицы `lshop_payments`
--
ALTER TABLE `lshop_payments`
  MODIFY `id` int(10) UNSIGNED NOT NULL AUTO_INCREMENT, AUTO_INCREMENT=5;
--
-- AUTO_INCREMENT для таблицы `lshop_persistences`
--
ALTER TABLE `lshop_persistences`
  MODIFY `id` int(10) UNSIGNED NOT NULL AUTO_INCREMENT, AUTO_INCREMENT=154;
--
-- AUTO_INCREMENT для таблицы `lshop_products`
--
ALTER TABLE `lshop_products`
  MODIFY `id` int(10) UNSIGNED NOT NULL AUTO_INCREMENT, AUTO_INCREMENT=22;
--
-- AUTO_INCREMENT для таблицы `lshop_reminders`
--
ALTER TABLE `lshop_reminders`
  MODIFY `id` int(10) UNSIGNED NOT NULL AUTO_INCREMENT, AUTO_INCREMENT=4;
--
-- AUTO_INCREMENT для таблицы `lshop_roles`
--
ALTER TABLE `lshop_roles`
  MODIFY `id` int(10) UNSIGNED NOT NULL AUTO_INCREMENT, AUTO_INCREMENT=3;
--
-- AUTO_INCREMENT для таблицы `lshop_servers`
--
ALTER TABLE `lshop_servers`
  MODIFY `id` int(10) UNSIGNED NOT NULL AUTO_INCREMENT, AUTO_INCREMENT=4;
--
-- AUTO_INCREMENT для таблицы `lshop_settings`
--
ALTER TABLE `lshop_settings`
  MODIFY `id` int(10) UNSIGNED NOT NULL AUTO_INCREMENT, AUTO_INCREMENT=44;
--
-- AUTO_INCREMENT для таблицы `lshop_throttle`
--
ALTER TABLE `lshop_throttle`
  MODIFY `id` int(10) UNSIGNED NOT NULL AUTO_INCREMENT, AUTO_INCREMENT=7;
--
-- AUTO_INCREMENT для таблицы `lshop_users`
--
ALTER TABLE `lshop_users`
  MODIFY `id` int(10) UNSIGNED NOT NULL AUTO_INCREMENT, AUTO_INCREMENT=3;
/*!40101 SET CHARACTER_SET_CLIENT=@OLD_CHARACTER_SET_CLIENT */;
/*!40101 SET CHARACTER_SET_RESULTS=@OLD_CHARACTER_SET_RESULTS */;
/*!40101 SET COLLATION_CONNECTION=@OLD_COLLATION_CONNECTION */;
